analyzer_name,category,ruleid,rulename,severity,header,ruledoc_url
tslint,TSLint.TSLintMicrosoftContrib,chai-vague-errors,chai-vague-errors,3,chai-vague-errors,https://github.com/Microsoft/tslint-microsoft-contrib
tslint,TSLint.TSLintMicrosoftContrib,export-name,export-name,3,export-name,https://github.com/Microsoft/tslint-microsoft-contrib
tslint,TSLint.TSLintMicrosoftContrib,useisnan,useisnan,3,useisnan,https://github.com/Microsoft/tslint-microsoft-contrib
tslint,TSLint.TSLintMicrosoftContrib,jquery-deferred-must-complete,jquery-deferred-must-complete,3,jquery-deferred-must-complete,https://github.com/Microsoft/tslint-microsoft-contrib
tslint,TSLint.TSLintMicrosoftContrib,missing-jsdoc,missing-jsdoc,3,missing-jsdoc,https://github.com/Microsoft/tslint-microsoft-contrib
tslint,TSLint.TSLintMicrosoftContrib,missing-optional-notation,missing-optional-notation,3,missing-optional-notation,https://github.com/Microsoft/tslint-microsoft-contrib
tslint,TSLint.TSLintMicrosoftContrib,mocha-avoid-only,mocha-avoid-only,3,mocha-avoid-only,https://github.com/Microsoft/tslint-microsoft-contrib
tslint,TSLint.TSLintMicrosoftContrib,no-backbone-get-set-outside-model,no-backbone-get-set-outside-model,3,no-backbone-get-set-outside-model,https://github.com/Microsoft/tslint-microsoft-contrib
tslint,TSLint.TSLintMicrosoftContrib,no-banned-terms,no-banned-terms,3,no-banned-terms,https://github.com/Microsoft/tslint-microsoft-contrib
tslint,TSLint.TSLintMicrosoftContrib,no-constant-condition,no-constant-condition,3,no-constant-condition,https://github.com/Microsoft/tslint-microsoft-contrib
tslint,TSLint.TSLintMicrosoftContrib,no-control-regex,no-control-regex,3,no-control-regex,https://github.com/Microsoft/tslint-microsoft-contrib
tslint,TSLint.TSLintMicrosoftContrib,no-cookies,no-cookies,3,no-cookies,https://github.com/Microsoft/tslint-microsoft-contrib
tslint,TSLint.TSLintMicrosoftContrib,no-delete-expression,no-delete-expression,3,no-delete-expression,https://github.com/Microsoft/tslint-microsoft-contrib
tslint,TSLint.TSLintMicrosoftContrib,no-disable-auto-sanitation,no-disable-auto-sanitation,3,no-disable-auto-sanitation,https://github.com/Microsoft/tslint-microsoft-contrib
tslint,TSLint.TSLintMicrosoftContrib,no-document-write,no-document-write,3,no-document-write,https://github.com/Microsoft/tslint-microsoft-contrib
tslint,TSLint.TSLintMicrosoftContrib,no-duplicate-parameter-names,no-duplicate-parameter-names,3,no-duplicate-parameter-names,https://github.com/Microsoft/tslint-microsoft-contrib
tslint,TSLint.TSLintMicrosoftContrib,no-duplicate-case,no-duplicate-case,3,no-duplicate-case,https://github.com/Microsoft/tslint-microsoft-contrib
tslint,TSLint.TSLintMicrosoftContrib,no-empty-interfaces,no-empty-interfaces,3,no-empty-interfaces,https://github.com/Microsoft/tslint-microsoft-contrib
tslint,TSLint.TSLintMicrosoftContrib,no-exec-script,no-exec-script,3,no-exec-script,https://github.com/Microsoft/tslint-microsoft-contrib
tslint,TSLint.TSLintMicrosoftContrib,no-function-constructor-with-string-args,no-function-constructor-with-string-args,3,no-function-constructor-with-string-args,https://github.com/Microsoft/tslint-microsoft-contrib
tslint,TSLint.TSLintMicrosoftContrib,no-function-expression,no-function-expression,3,no-function-expression,https://github.com/Microsoft/tslint-microsoft-contrib
tslint,TSLint.TSLintMicrosoftContrib,no-http-string,no-http-string,3,no-http-string,https://github.com/Microsoft/tslint-microsoft-contrib
tslint,TSLint.TSLintMicrosoftContrib,no-increment-decrement,no-increment-decrement,3,no-increment-decrement,https://github.com/Microsoft/tslint-microsoft-contrib
tslint,TSLint.TSLintMicrosoftContrib,no-for-in,no-for-in,3,no-for-in,https://github.com/Microsoft/tslint-microsoft-contrib
tslint,TSLint.TSLintMicrosoftContrib,no-invalid-regexp,no-invalid-regexp,3,no-invalid-regexp,https://github.com/Microsoft/tslint-microsoft-contrib
tslint,TSLint.TSLintMicrosoftContrib,no-missing-visibility-modifiers,no-missing-visibility-modifiers,3,no-missing-visibility-modifiers,https://github.com/Microsoft/tslint-microsoft-contrib
tslint,TSLint.TSLintMicrosoftContrib,no-multiline-string,no-multiline-string,3,no-multiline-string,https://github.com/Microsoft/tslint-microsoft-contrib
tslint,TSLint.TSLintMicrosoftContrib,no-multiple-var-decl,no-multiple-var-decl,3,no-multiple-var-decl,https://github.com/Microsoft/tslint-microsoft-contrib
tslint,TSLint.TSLintMicrosoftContrib,no-octal-literal,no-octal-literal,3,no-octal-literal,https://github.com/Microsoft/tslint-microsoft-contrib
tslint,TSLint.TSLintMicrosoftContrib,no-regex-spaces,no-regex-spaces,3,no-regex-spaces,https://github.com/Microsoft/tslint-microsoft-contrib
tslint,TSLint.TSLintMicrosoftContrib,no-reserved-keywords,no-reserved-keywords,3,no-reserved-keywords,https://github.com/Microsoft/tslint-microsoft-contrib
tslint,TSLint.TSLintMicrosoftContrib,no-sparse-arrays,no-sparse-arrays,3,no-sparse-arrays,https://github.com/Microsoft/tslint-microsoft-contrib
tslint,TSLint.TSLintMicrosoftContrib,no-string-based-set-interval,no-string-based-set-interval,3,no-string-based-set-interval,https://github.com/Microsoft/tslint-microsoft-contrib
tslint,TSLint.TSLintMicrosoftContrib,no-string-based-set-timeout,no-string-based-set-timeout,3,no-string-based-set-timeout,https://github.com/Microsoft/tslint-microsoft-contrib
tslint,TSLint.TSLintMicrosoftContrib,no-unexternalized-strings,no-unexternalized-strings,3,no-unexternalized-strings,https://github.com/Microsoft/tslint-microsoft-contrib
tslint,TSLint.TSLintMicrosoftContrib,no-unnecessary-semicolons,no-unnecessary-semicolons,3,no-unnecessary-semicolons,https://github.com/Microsoft/tslint-microsoft-contrib
tslint,TSLint.TSLintMicrosoftContrib,no-unnecessary-bind,no-unnecessary-bind,3,no-unnecessary-bind,https://github.com/Microsoft/tslint-microsoft-contrib
tslint,TSLint.TSLintMicrosoftContrib,no-unused-imports,no-unused-imports,3,no-unused-imports,https://github.com/Microsoft/tslint-microsoft-contrib
tslint,TSLint.TSLintMicrosoftContrib,no-with-statement,no-with-statement,3,no-with-statement,https://github.com/Microsoft/tslint-microsoft-contrib
tslint,TSLint.TSLintMicrosoftContrib,prefer-array-literal,prefer-array-literal,3,prefer-array-literal,https://github.com/Microsoft/tslint-microsoft-contrib
tslint,TSLint.TSLintMicrosoftContrib,promise-must-complete,promise-must-complete,3,promise-must-complete,https://github.com/Microsoft/tslint-microsoft-contrib
tslint,TSLint.TSLintMicrosoftContrib,react-no-dangerous-html,react-no-dangerous-html,3,react-no-dangerous-html,https://github.com/Microsoft/tslint-microsoft-contrib
tslint,TSLint.TSLintMicrosoftContrib,use-named-parameter,use-named-parameter,3,use-named-parameter,https://github.com/Microsoft/tslint-microsoft-contrib
tslint,TSLint.TSLintMicrosoftContrib,valid-typeof,valid-typeof,3,valid-typeof,https://github.com/Microsoft/tslint-microsoft-contrib
tslint,TSLint.TypeScript,member-access,member-access,3,member-access,http://palantir.github.io/tslint/rules/member-access
tslint,TSLint.TypeScript,member-ordering,member-ordering,3,member-ordering,http://palantir.github.io/tslint/rules/member-ordering
tslint,TSLint.TypeScript,no-any,no-any,3,no-any,http://palantir.github.io/tslint/rules/no-any
tslint,TSLint.TypeScript,no-inferrable-types,no-inferrable-types,3,no-inferrable-types,http://palantir.github.io/tslint/rules/no-inferrable-types
tslint,TSLint.TypeScript,no-internal-module,no-internal-module,3,no-internal-module,http://palantir.github.io/tslint/rules/no-internal-module
tslint,TSLint.TypeScript,no-var-requires,no-var-requires,3,no-var-requires,http://palantir.github.io/tslint/rules/no-var-requires
tslint,TSLint.TypeScript,typedef,typedef,1,typedef,http://palantir.github.io/tslint/rules/typedef
tslint,TSLint.TypeScript,typedef-whitespace,typedef-whitespace,3,typedef-whitespace,http://palantir.github.io/tslint/rules/typedef-whitespace
tslint,TSLint.Functionality,ban,ban,3,ban,http://palantir.github.io/tslint/rules/ban
tslint,TSLint.Functionality,curly,curly,3,curly,http://palantir.github.io/tslint/rules/curly
tslint,TSLint.Functionality,forin,forin,3,forin,http://palantir.github.io/tslint/rules/forin
tslint,TSLint.Functionality,label-position,label-position,3,label-position,http://palantir.github.io/tslint/rules/label-position
tslint,TSLint.Functionality,label-undefined,label-undefined,3,label-undefined,http://palantir.github.io/tslint/rules/label-undefined
tslint,TSLint.Functionality,no-arg,no-arg,3,no-arg,http://palantir.github.io/tslint/rules/no-arg
tslint,TSLint.Functionality,no-bitwise,no-bitwise,3,no-bitwise,http://palantir.github.io/tslint/rules/no-bitwise
tslint,TSLint.Functionality,no-conditional-assignment,no-conditional-assignment,3,no-conditional-assignment,http://palantir.github.io/tslint/rules/no-conditional-assignment
tslint,TSLint.Functionality,no-console,no-console,3,no-console,http://palantir.github.io/tslint/rules/no-console
tslint,TSLint.Functionality,no-construct,no-construct,3,no-construct,http://palantir.github.io/tslint/rules/no-construct
tslint,TSLint.Functionality,no-debugger,no-debugger,3,no-debugger,http://palantir.github.io/tslint/rules/no-debugger
tslint,TSLint.Functionality,no-duplicate-key,no-duplicate-key,3,no-duplicate-key,http://palantir.github.io/tslint/rules/no-duplicate-key
tslint,TSLint.Functionality,no-duplicate-variable,no-duplicate-variable,3,no-duplicate-variable,http://palantir.github.io/tslint/rules/no-duplicate-variable
tslint,TSLint.Functionality,no-empty,no-empty,3,no-empty,http://palantir.github.io/tslint/rules/no-empty
tslint,TSLint.Functionality,no-eval,no-eval,3,no-eval,http://palantir.github.io/tslint/rules/no-eval
tslint,TSLint.Functionality,no-null-keyword,no-null-keyword,3,no-null-keyword,http://palantir.github.io/tslint/rules/no-null-keyword
tslint,TSLint.Functionality,no-shadowed-variable,no-shadowed-variable,3,no-shadowed-variable,http://palantir.github.io/tslint/rules/no-shadowed-variable
tslint,TSLint.Functionality,no-string-literal,no-string-literal,3,no-string-literal,http://palantir.github.io/tslint/rules/no-string-literal
tslint,TSLint.Functionality,no-switch-case-fall-through,no-switch-case-fall-through,3,no-switch-case-fall-through,http://palantir.github.io/tslint/rules/no-switch-case-fall-through
tslint,TSLint.Functionality,no-unreachable,no-unreachable,3,no-unreachable,http://palantir.github.io/tslint/rules/no-unreachable
tslint,TSLint.Functionality,no-unused-expression,no-unused-expression,3,no-unused-expression,http://palantir.github.io/tslint/rules/no-unused-expression
tslint,TSLint.Functionality,no-unused-variable,no-unused-variable,2,no-unused-variable,http://palantir.github.io/tslint/rules/no-unused-variable
tslint,TSLint.Functionality,no-use-before-declare,no-use-before-declare,3,no-use-before-declare,http://palantir.github.io/tslint/rules/no-use-before-declare
tslint,TSLint.Functionality,no-var-keyword,no-var-keyword,3,no-var-keyword,http://palantir.github.io/tslint/rules/no-var-keyword
tslint,TSLint.Functionality,radix,radix,3,radix,http://palantir.github.io/tslint/rules/radix
tslint,TSLint.Functionality,switch-default,switch-default,3,switch-default,http://palantir.github.io/tslint/rules/switch-default
tslint,TSLint.Functionality,triple-equals,triple-equals,3,triple-equals,http://palantir.github.io/tslint/rules/triple-equals
tslint,TSLint.Functionality,use-strict,use-strict,3,use-strict,http://palantir.github.io/tslint/rules/use-strict
tslint,TSLint.Maintainability,eofline,eofline,5,eofline,http://palantir.github.io/tslint/rules/eofline
tslint,TSLint.Maintainability,indent,indent,3,indent,http://palantir.github.io/tslint/rules/indent
tslint,TSLint.Maintainability,max-line-length,max-line-length,3,max-line-length,http://palantir.github.io/tslint/rules/max-line-length
tslint,TSLint.Maintainability,no-require-imports,no-require-imports,3,no-require-imports,http://palantir.github.io/tslint/rules/no-require-imports
tslint,TSLint.Maintainability,no-trailing-whitespace,no-trailing-whitespace,3,no-trailing-whitespace,http://palantir.github.io/tslint/rules/no-trailing-whitespace
tslint,TSLint.Maintainability,object-literal-sort-keys,object-literal-sort-keys,3,object-literal-sort-keys,http://palantir.github.io/tslint/rules/object-literal-sort-keys
tslint,TSLint.Maintainability,trailing-comma,trailing-comma,3,trailing-comma,http://palantir.github.io/tslint/rules/trailing-comma
tslint,TSLint.Style,align,align,3,align,http://palantir.github.io/tslint/rules/align
tslint,TSLint.Style,arguments-are-not-aligned,arguments-are-not-aligned,3,arguments-are-not-aligned,http://palantir.github.io/tslint/rules/align
tslint,TSLint.Style,parameters-are-not-aligned,parameters-are-not-aligned,3,parameters-are-not-aligned,http://palantir.github.io/tslint/rules/align
tslint,TSLint.Style,statements-are-not-aligned,statements-are-not-aligned,3,statements-are-not-aligned,http://palantir.github.io/tslint/rules/align
tslint,TSLint.Style,class-name,class-name,3,class-name,http://palantir.github.io/tslint/rules/class-name
tslint,TSLint.Style,comment-format,comment-format,3,comment-format,http://palantir.github.io/tslint/rules/comment-format
tslint,TSLint.Style,interface-name,interface-name,3,interface-name,http://palantir.github.io/tslint/rules/interface-name
tslint,TSLint.Style,jsdoc-format,jsdoc-format,3,jsdoc-format,http://palantir.github.io/tslint/rules/jsdoc-format
tslint,TSLint.Style,no-consecutive-blank-lines,no-consecutive-blank-lines,3,no-consecutive-blank-lines,http://palantir.github.io/tslint/rules/no-consecutive-blank-lines
tslint,TSLint.Style,no-constructor-vars,no-constructor-vars,3,no-constructor-vars,http://palantir.github.io/tslint/rules/no-constructor-vars
tslint,TSLint.Style,one-line,one-line,3,one-line,http://palantir.github.io/tslint/rules/one-line
tslint,TSLint.Style,quotemark,quotemark,3,quotemark,http://palantir.github.io/tslint/rules/quotemark
tslint,TSLint.Style,semicolon,semicolon,2,semicolon,http://palantir.github.io/tslint/rules/semicolon
tslint,TSLint.Style,variable-name,variable-name,2,variable-name,http://palantir.github.io/tslint/rules/variable-name
tslint,TSLint.Style,whitespace,whitespace,3,whitespace,http://palantir.github.io/tslint/rules/whitespace
tslint,TSLint.ESLint.PossibleErrors,comma-dangle,comma-dangle,3,comma-dangle,http://eslint.org/docs/rules/comma-dangle
tslint,TSLint.ESLint.PossibleErrors,no-cond-assign,no-cond-assign,3,no-cond-assign,http://eslint.org/docs/rules/no-cond-assign
tslint,TSLint.ESLint.PossibleErrors,no-console,no-console,3,no-console,http://eslint.org/docs/rules/no-console
tslint,TSLint.ESLint.PossibleErrors,no-constant-condition,no-constant-condition,3,no-constant-condition,http://eslint.org/docs/rules/no-constant-condition
tslint,TSLint.ESLint.PossibleErrors,no-control-regex,no-control-regex,3,no-control-regex,http://eslint.org/docs/rules/no-control-regex
tslint,TSLint.ESLint.PossibleErrors,no-debugger,no-debugger,3,no-debugger,http://eslint.org/docs/rules/no-debugger
tslint,TSLint.ESLint.PossibleErrors,no-dupe-args,no-dupe-args,3,no-dupe-args,http://eslint.org/docs/rules/no-dupe-args
tslint,TSLint.ESLint.PossibleErrors,no-dupe-keys,no-dupe-keys,3,no-dupe-keys,http://eslint.org/docs/rules/no-dupe-keys
tslint,TSLint.ESLint.PossibleErrors,no-duplicate-case,no-duplicate-case,3,no-duplicate-case,http://eslint.org/docs/rules/no-duplicate-case
tslint,TSLint.ESLint.PossibleErrors,no-empty,no-empty,3,no-empty,http://eslint.org/docs/rules/no-empty
tslint,TSLint.ESLint.PossibleErrors,no-ex-assign,no-ex-assign,3,no-ex-assign,http://eslint.org/docs/rules/no-ex-assign
tslint,TSLint.ESLint.PossibleErrors,no-extra-boolean-cast,no-extra-boolean-cast,3,no-extra-boolean-cast,http://eslint.org/docs/rules/no-extra-boolean-cast
tslint,TSLint.ESLint.PossibleErrors,no-extra-parens,no-extra-parens,3,no-extra-parens,http://eslint.org/docs/rules/no-extra-parens
tslint,TSLint.ESLint.PossibleErrors,no-extra-semi,no-extra-semi,3,no-extra-semi,http://eslint.org/docs/rules/no-extra-semi
tslint,TSLint.ESLint.PossibleErrors,no-func-assign,no-func-assign,3,no-func-assign,http://eslint.org/docs/rules/no-func-assign
tslint,TSLint.ESLint.PossibleErrors,no-inner-declarations,no-inner-declarations,3,no-inner-declarations,http://eslint.org/docs/rules/no-inner-declarations
tslint,TSLint.ESLint.PossibleErrors,no-invalid-regexp,no-invalid-regexp,3,no-invalid-regexp,http://eslint.org/docs/rules/no-invalid-regexp
tslint,TSLint.ESLint.PossibleErrors,no-irregular-whitespace,no-irregular-whitespace,3,no-irregular-whitespace,http://eslint.org/docs/rules/no-irregular-whitespace
tslint,TSLint.ESLint.PossibleErrors,no-negated-in-lhs,no-negated-in-lhs,3,no-negated-in-lhs,http://eslint.org/docs/rules/no-negated-in-lhs
tslint,TSLint.ESLint.PossibleErrors,no-obj-calls,no-obj-calls,3,no-obj-calls,http://eslint.org/docs/rules/no-obj-calls
tslint,TSLint.ESLint.PossibleErrors,no-regex-spaces,no-regex-spaces,3,no-regex-spaces,http://eslint.org/docs/rules/no-regex-spaces
tslint,TSLint.ESLint.PossibleErrors,no-sparse-arrays,no-sparse-arrays,3,no-sparse-arrays,http://eslint.org/docs/rules/no-sparse-arrays
tslint,TSLint.ESLint.PossibleErrors,no-unexpected-multiline,no-unexpected-multiline,3,no-unexpected-multiline,http://eslint.org/docs/rules/no-unexpected-multiline
tslint,TSLint.ESLint.PossibleErrors,no-unreachable,no-unreachable,3,no-unreachable,http://eslint.org/docs/rules/no-unreachable
tslint,TSLint.ESLint.PossibleErrors,use-isnan,use-isnan,3,use-isnan,http://eslint.org/docs/rules/use-isnan
tslint,TSLint.ESLint.PossibleErrors,valid-jsdoc,valid-jsdoc,3,valid-jsdoc,http://eslint.org/docs/rules/valid-jsdoc
tslint,TSLint.ESLint.PossibleErrors,valid-typeof,valid-typeof,3,valid-typeof,http://eslint.org/docs/rules/valid-typeof
tslint,TSLint.ESLint.BestPractices,accessor-pairs,accessor-pairs,3,accessor-pairs,http://eslint.org/docs/rules/accessor-pairs
tslint,TSLint.ESLint.BestPractices,array-callback-return,array-callback-return,3,array-callback-return,http://eslint.org/docs/rules/array-callback-return
tslint,TSLint.ESLint.BestPractices,block-scoped-var,block-scoped-var,3,block-scoped-var,http://eslint.org/docs/rules/block-scoped-var
tslint,TSLint.ESLint.BestPractices,complexity,complexity,3,complexity,http://eslint.org/docs/rules/complexity
tslint,TSLint.ESLint.BestPractices,consistent-return,consistent-return,3,consistent-return,http://eslint.org/docs/rules/consistent-return
tslint,TSLint.ESLint.BestPractices,curly,curly,3,curly,http://eslint.org/docs/rules/curly
tslint,TSLint.ESLint.BestPractices,default-case,default-case,3,default-case,http://eslint.org/docs/rules/default-case
tslint,TSLint.ESLint.BestPractices,dot-location,dot-location,3,dot-location,http://eslint.org/docs/rules/dot-location
tslint,TSLint.ESLint.BestPractices,dot-notation,dot-notation,3,dot-notation,http://eslint.org/docs/rules/dot-notation
tslint,TSLint.ESLint.BestPractices,eqeqeq,eqeqeq,3,eqeqeq,http://eslint.org/docs/rules/eqeqeq
tslint,TSLint.ESLint.BestPractices,guard-for-in,guard-for-in,3,guard-for-in,http://eslint.org/docs/rules/guard-for-in
tslint,TSLint.ESLint.BestPractices,no-alert,no-alert,3,no-alert,http://eslint.org/docs/rules/no-alert
tslint,TSLint.ESLint.BestPractices,no-caller,no-caller,3,no-caller,http://eslint.org/docs/rules/no-caller
tslint,TSLint.ESLint.BestPractices,no-case-declarations,no-case-declarations,3,no-case-declarations,http://eslint.org/docs/rules/no-case-declarations
tslint,TSLint.ESLint.BestPractices,no-div-regex,no-div-regex,3,no-div-regex,http://eslint.org/docs/rules/no-div-regex
tslint,TSLint.ESLint.BestPractices,no-else-return,no-else-return,3,no-else-return,http://eslint.org/docs/rules/no-else-return
tslint,TSLint.ESLint.BestPractices,no-empty-function,no-empty-function,3,no-empty-function,http://eslint.org/docs/rules/no-empty-function
tslint,TSLint.ESLint.BestPractices,no-empty-pattern,no-empty-pattern,3,no-empty-pattern,http://eslint.org/docs/rules/no-empty-pattern
tslint,TSLint.ESLint.BestPractices,no-eq-null,no-eq-null,3,no-eq-null,http://eslint.org/docs/rules/no-eq-null
tslint,TSLint.ESLint.BestPractices,no-eval,no-eval,3,no-eval,http://eslint.org/docs/rules/no-eval
tslint,TSLint.ESLint.BestPractices,no-extend-native,no-extend-native,3,no-extend-native,http://eslint.org/docs/rules/no-extend-native
tslint,TSLint.ESLint.BestPractices,no-extra-bind,no-extra-bind,3,no-extra-bind,http://eslint.org/docs/rules/no-extra-bind
tslint,TSLint.ESLint.BestPractices,no-extra-label,no-extra-label,3,no-extra-label,http://eslint.org/docs/rules/no-extra-label
tslint,TSLint.ESLint.BestPractices,no-fallthrough,no-fallthrough,3,no-fallthrough,http://eslint.org/docs/rules/no-fallthrough
tslint,TSLint.ESLint.BestPractices,no-floating-decimal,no-floating-decimal,3,no-floating-decimal,http://eslint.org/docs/rules/no-floating-decimal
tslint,TSLint.ESLint.BestPractices,no-implicit-coercion,no-implicit-coercion,3,no-implicit-coercion,http://eslint.org/docs/rules/no-implicit-coercion
tslint,TSLint.ESLint.BestPractices,no-implicit-globals,no-implicit-globals,3,no-implicit-globals,http://eslint.org/docs/rules/no-implicit-globals
tslint,TSLint.ESLint.BestPractices,no-implied-eval,no-implied-eval,3,no-implied-eval,http://eslint.org/docs/rules/no-implied-eval
tslint,TSLint.ESLint.BestPractices,no-invalid-this,no-invalid-this,3,no-invalid-this,http://eslint.org/docs/rules/no-invalid-this
tslint,TSLint.ESLint.BestPractices,no-iterator,no-iterator,3,no-iterator,http://eslint.org/docs/rules/no-iterator
tslint,TSLint.ESLint.BestPractices,no-labels,no-labels,3,no-labels,http://eslint.org/docs/rules/no-labels
tslint,TSLint.ESLint.BestPractices,no-lone-blocks,no-lone-blocks,3,no-lone-blocks,http://eslint.org/docs/rules/no-lone-blocks
tslint,TSLint.ESLint.BestPractices,no-loop-func,no-loop-func,3,no-loop-func,http://eslint.org/docs/rules/no-loop-func
tslint,TSLint.ESLint.BestPractices,no-magic-numbers,no-magic-numbers,3,no-magic-numbers,http://eslint.org/docs/rules/no-magic-numbers
tslint,TSLint.ESLint.BestPractices,no-multi-spaces,no-multi-spaces,3,no-multi-spaces,http://eslint.org/docs/rules/no-multi-spaces
tslint,TSLint.ESLint.BestPractices,no-multi-str,no-multi-str,3,no-multi-str,http://eslint.org/docs/rules/no-multi-str
tslint,TSLint.ESLint.BestPractices,no-native-reassign,no-native-reassign,3,no-native-reassign,http://eslint.org/docs/rules/no-native-reassign
tslint,TSLint.ESLint.BestPractices,no-new,no-new,3,no-new,http://eslint.org/docs/rules/no-new
tslint,TSLint.ESLint.BestPractices,no-new-func,no-new-func,3,no-new-func,http://eslint.org/docs/rules/no-new-func
tslint,TSLint.ESLint.BestPractices,no-new-wrappers,no-new-wrappers,3,no-new-wrappers,http://eslint.org/docs/rules/no-new-wrappers
tslint,TSLint.ESLint.BestPractices,no-octal,no-octal,3,no-octal,http://eslint.org/docs/rules/no-octal
tslint,TSLint.ESLint.BestPractices,no-octal-escape,no-octal-escape,3,no-octal-escape,http://eslint.org/docs/rules/no-octal-escape
tslint,TSLint.ESLint.BestPractices,no-param-reassign,no-param-reassign,3,no-param-reassign,http://eslint.org/docs/rules/no-param-reassign
tslint,TSLint.ESLint.BestPractices,no-process-env,no-process-env,3,no-process-env,http://eslint.org/docs/rules/no-process-env
tslint,TSLint.ESLint.BestPractices,no-proto,no-proto,3,no-proto,http://eslint.org/docs/rules/no-proto
tslint,TSLint.ESLint.BestPractices,no-redeclare,no-redeclare,3,no-redeclare,http://eslint.org/docs/rules/no-redeclare
tslint,TSLint.ESLint.BestPractices,no-return-assign,no-return-assign,3,no-return-assign,http://eslint.org/docs/rules/no-return-assign
tslint,TSLint.ESLint.BestPractices,no-script-url,no-script-url,3,no-script-url,http://eslint.org/docs/rules/no-script-url
tslint,TSLint.ESLint.BestPractices,no-self-assign,no-self-assign,3,no-self-assign,http://eslint.org/docs/rules/no-self-assign
tslint,TSLint.ESLint.BestPractices,no-self-compare,no-self-compare,3,no-self-compare,http://eslint.org/docs/rules/no-self-compare
tslint,TSLint.ESLint.BestPractices,no-sequences,no-sequences,3,no-sequences,http://eslint.org/docs/rules/no-sequences
tslint,TSLint.ESLint.BestPractices,no-throw-literal,no-throw-literal,3,no-throw-literal,http://eslint.org/docs/rules/no-throw-literal
tslint,TSLint.ESLint.BestPractices,no-unmodified-loop-condition,no-unmodified-loop-condition,3,no-unmodified-loop-condition,http://eslint.org/docs/rules/no-unmodified-loop-condition
tslint,TSLint.ESLint.BestPractices,no-unused-expressions,no-unused-expressions,3,no-unused-expressions,http://eslint.org/docs/rules/no-unused-expressions
tslint,TSLint.ESLint.BestPractices,no-unused-labels,no-unused-labels,3,no-unused-labels,http://eslint.org/docs/rules/no-unused-labels
tslint,TSLint.ESLint.BestPractices,no-useless-call,no-useless-call,3,no-useless-call,http://eslint.org/docs/rules/no-useless-call
tslint,TSLint.ESLint.BestPractices,no-useless-concat,no-useless-concat,3,no-useless-concat,http://eslint.org/docs/rules/no-useless-concat
tslint,TSLint.ESLint.BestPractices,no-void,no-void,3,no-void,http://eslint.org/docs/rules/no-void
tslint,TSLint.ESLint.BestPractices,no-warning-comments,no-warning-comments,3,no-warning-comments,http://eslint.org/docs/rules/no-warning-comments
tslint,TSLint.ESLint.BestPractices,no-with,no-with,3,no-with,http://eslint.org/docs/rules/no-with
tslint,TSLint.ESLint.BestPractices,radix,radix,3,radix,http://eslint.org/docs/rules/radix
tslint,TSLint.ESLint.BestPractices,vars-on-top,vars-on-top,3,vars-on-top,http://eslint.org/docs/rules/vars-on-top
tslint,TSLint.ESLint.BestPractices,wrap-iife,wrap-iife,3,wrap-iife,http://eslint.org/docs/rules/wrap-iife
tslint,TSLint.ESLint.StrictMode,strict,strict,3,strict,http://eslint.org/docs/rules/strict
tslint,TSLint.ESLint.Variables,init-declarations,init-declarations,3,init-declarations,http://eslint.org/docs/rules/init-declarations
tslint,TSLint.ESLint.Variables,no-catch-shadow,no-catch-shadow,3,no-catch-shadow,http://eslint.org/docs/rules/no-catch-shadow
tslint,TSLint.ESLint.Variables,no-delete-var,no-delete-var,3,no-delete-var,http://eslint.org/docs/rules/no-delete-var
tslint,TSLint.ESLint.Variables,no-label-var,no-label-var,3,no-label-var,http://eslint.org/docs/rules/no-label-var
tslint,TSLint.ESLint.Variables,no-shadow,no-shadow,3,no-shadow,http://eslint.org/docs/rules/no-shadow
tslint,TSLint.ESLint.Variables,no-shadow-restricted-names,no-shadow-restricted-names,3,no-shadow-restricted-names,http://eslint.org/docs/rules/no-shadow-restricted-names
tslint,TSLint.ESLint.Variables,no-undef,no-undef,3,no-undef,http://eslint.org/docs/rules/no-undef
tslint,TSLint.ESLint.Variables,no-undef-init,no-undef-init,3,no-undef-init,http://eslint.org/docs/rules/no-undef-init
tslint,TSLint.ESLint.Variables,no-undefined,no-undefined,3,no-undefined,http://eslint.org/docs/rules/no-undefined
tslint,TSLint.ESLint.Variables,no-unused-vars,no-unused-vars,3,no-unused-vars,http://eslint.org/docs/rules/no-unused-vars
tslint,TSLint.ESLint.Variables,no-use-before-define,no-use-before-define,3,no-use-before-define,http://eslint.org/docs/rules/no-use-before-define
tslint,TSLint.ESLint.Nodejs,callback-return,callback-return,3,callback-return,http://eslint.org/docs/rules/callback-return
tslint,TSLint.ESLint.Nodejs,global-require,global-require,3,global-require,http://eslint.org/docs/rules/global-require
tslint,TSLint.ESLint.Nodejs,handle-callback-err,handle-callback-err,3,handle-callback-err,http://eslint.org/docs/rules/handle-callback-err
tslint,TSLint.ESLint.Nodejs,no-mixed-requires,no-mixed-requires,3,no-mixed-requires,http://eslint.org/docs/rules/no-mixed-requires
tslint,TSLint.ESLint.Nodejs,no-new-require,no-new-require,3,no-new-require,http://eslint.org/docs/rules/no-new-require
tslint,TSLint.ESLint.Nodejs,no-path-concat,no-path-concat,3,no-path-concat,http://eslint.org/docs/rules/no-path-concat
tslint,TSLint.ESLint.Nodejs,no-process-exit,no-process-exit,3,no-process-exit,http://eslint.org/docs/rules/no-process-exit
tslint,TSLint.ESLint.Nodejs,no-restricted-imports,no-restricted-imports,3,no-restricted-imports,http://eslint.org/docs/rules/no-restricted-imports
tslint,TSLint.ESLint.Nodejs,no-restricted-modules,no-restricted-modules,3,no-restricted-modules,http://eslint.org/docs/rules/no-restricted-modules
tslint,TSLint.ESLint.Nodejs,no-sync,no-sync,3,no-sync,http://eslint.org/docs/rules/no-sync
tslint,TSLint.ESLint.StylisticIssues,array-bracket-spacing,array-bracket-spacing,3,array-bracket-spacing,http://eslint.org/docs/rules/array-bracket-spacing
tslint,TSLint.ESLint.StylisticIssues,block-spacing,block-spacing,3,block-spacing,http://eslint.org/docs/rules/block-spacing
tslint,TSLint.ESLint.StylisticIssues,brace-style,brace-style,3,brace-style,http://eslint.org/docs/rules/brace-style
tslint,TSLint.ESLint.StylisticIssues,camelcase,camelcase,3,camelcase,http://eslint.org/docs/rules/camelcase
tslint,TSLint.ESLint.StylisticIssues,comma-spacing,comma-spacing,3,comma-spacing,http://eslint.org/docs/rules/comma-spacing
tslint,TSLint.ESLint.StylisticIssues,comma-style,comma-style,3,comma-style,http://eslint.org/docs/rules/comma-style
tslint,TSLint.ESLint.StylisticIssues,computed-property-spacing,computed-property-spacing,3,computed-property-spacing,http://eslint.org/docs/rules/computed-property-spacing
tslint,TSLint.ESLint.StylisticIssues,consistent-this,consistent-this,3,consistent-this,http://eslint.org/docs/rules/consistent-this
tslint,TSLint.ESLint.StylisticIssues,eol-last,eol-last,3,eol-last,http://eslint.org/docs/rules/eol-last
tslint,TSLint.ESLint.StylisticIssues,func-names,func-names,3,func-names,http://eslint.org/docs/rules/func-names
tslint,TSLint.ESLint.StylisticIssues,func-style,func-style,3,func-style,http://eslint.org/docs/rules/func-style
tslint,TSLint.ESLint.StylisticIssues,id-blacklist,id-blacklist,3,id-blacklist,http://eslint.org/docs/rules/id-blacklist
tslint,TSLint.ESLint.StylisticIssues,id-length,id-length,3,id-length,http://eslint.org/docs/rules/id-length
tslint,TSLint.ESLint.StylisticIssues,id-match,id-match,3,id-match,http://eslint.org/docs/rules/id-match
tslint,TSLint.ESLint.StylisticIssues,indent,indent,3,indent,http://eslint.org/docs/rules/indent
tslint,TSLint.ESLint.StylisticIssues,jsx-quotes,jsx-quotes,3,jsx-quotes,http://eslint.org/docs/rules/jsx-quotes
tslint,TSLint.ESLint.StylisticIssues,key-spacing,key-spacing,3,key-spacing,http://eslint.org/docs/rules/key-spacing
tslint,TSLint.ESLint.StylisticIssues,keyword-spacing,keyword-spacing,3,keyword-spacing,http://eslint.org/docs/rules/keyword-spacing
tslint,TSLint.ESLint.StylisticIssues,linebreak-style,linebreak-style,3,linebreak-style,http://eslint.org/docs/rules/linebreak-style
tslint,TSLint.ESLint.StylisticIssues,lines-around-comment,lines-around-comment,3,lines-around-comment,http://eslint.org/docs/rules/lines-around-comment
tslint,TSLint.ESLint.StylisticIssues,max-depth,max-depth,3,max-depth,http://eslint.org/docs/rules/max-depth
tslint,TSLint.ESLint.StylisticIssues,max-len,max-len,3,max-len,http://eslint.org/docs/rules/max-len
tslint,TSLint.ESLint.StylisticIssues,max-nested-callbacks,max-nested-callbacks,3,max-nested-callbacks,http://eslint.org/docs/rules/max-nested-callbacks
tslint,TSLint.ESLint.StylisticIssues,max-params,max-params,3,max-params,http://eslint.org/docs/rules/max-params
tslint,TSLint.ESLint.StylisticIssues,max-statements,max-statements,3,max-statements,http://eslint.org/docs/rules/max-statements
tslint,TSLint.ESLint.StylisticIssues,new-cap,new-cap,3,new-cap,http://eslint.org/docs/rules/new-cap
tslint,TSLint.ESLint.StylisticIssues,new-parens,new-parens,3,new-parens,http://eslint.org/docs/rules/new-parens
tslint,TSLint.ESLint.StylisticIssues,newline-after-var,newline-after-var,3,newline-after-var,http://eslint.org/docs/rules/newline-after-var
tslint,TSLint.ESLint.StylisticIssues,newline-per-chained-call,newline-per-chained-call,3,newline-per-chained-call,http://eslint.org/docs/rules/newline-per-chained-call
tslint,TSLint.ESLint.StylisticIssues,no-array-constructor,no-array-constructor,3,no-array-constructor,http://eslint.org/docs/rules/no-array-constructor
tslint,TSLint.ESLint.StylisticIssues,no-bitwise,no-bitwise,3,no-bitwise,http://eslint.org/docs/rules/no-bitwise
tslint,TSLint.ESLint.StylisticIssues,no-continue,no-continue,3,no-continue,http://eslint.org/docs/rules/no-continue
tslint,TSLint.ESLint.StylisticIssues,no-inline-comments,no-inline-comments,3,no-inline-comments,http://eslint.org/docs/rules/no-continue
tslint,TSLint.ESLint.StylisticIssues,no-lonely-if,no-lonely-if,3,no-lonely-if,http://eslint.org/docs/rules/no-lonely-if
tslint,TSLint.ESLint.StylisticIssues,no-mixed-spaces-and-tabs,no-mixed-spaces-and-tabs,3,no-mixed-spaces-and-tabs,http://eslint.org/docs/rules/no-mixed-spaces-and-tabs
tslint,TSLint.ESLint.StylisticIssues,no-multiple-empty-lines,no-multiple-empty-lines,3,no-multiple-empty-lines,http://eslint.org/docs/rules/no-multiple-empty-lines
tslint,TSLint.ESLint.StylisticIssues,no-negated-condition,no-negated-condition,3,no-negated-condition,http://eslint.org/docs/rules/no-negated-condition
tslint,TSLint.ESLint.StylisticIssues,no-nested-ternary,no-nested-ternary,3,no-nested-ternary,http://eslint.org/docs/rules/no-nested-ternary
tslint,TSLint.ESLint.StylisticIssues,no-new-object,no-new-object,3,no-new-object,http://eslint.org/docs/rules/no-new-object
tslint,TSLint.ESLint.StylisticIssues,no-plusplus,no-plusplus,3,no-plusplus,http://eslint.org/docs/rules/no-plusplus
tslint,TSLint.ESLint.StylisticIssues,no-restricted-syntax,no-restricted-syntax,3,no-restricted-syntax,http://eslint.org/docs/rules/no-restricted-syntax
tslint,TSLint.ESLint.StylisticIssues,no-spaced-func,no-spaced-func,3,no-spaced-func,http://eslint.org/docs/rules/no-spaced-func
tslint,TSLint.ESLint.StylisticIssues,no-ternary,no-ternary,3,no-ternary,http://eslint.org/docs/rules/no-ternary
tslint,TSLint.ESLint.StylisticIssues,no-trailing-spaces,no-trailing-spaces,3,no-trailing-spaces,http://eslint.org/docs/rules/no-trailing-spaces
tslint,TSLint.ESLint.StylisticIssues,no-underscore-dangle,no-underscore-dangle,3,no-underscore-dangle,http://eslint.org/docs/rules/no-underscore-dangle
tslint,TSLint.ESLint.StylisticIssues,no-unneeded-ternary,no-unneeded-ternary,3,no-unneeded-ternary,http://eslint.org/docs/rules/no-unneeded-ternary
tslint,TSLint.ESLint.StylisticIssues,no-whitespace-before-property,no-whitespace-before-property,3,no-whitespace-before-property,http://eslint.org/docs/rules/no-whitespace-before-property
tslint,TSLint.ESLint.StylisticIssues,object-curly-spacing,object-curly-spacing,3,object-curly-spacing,http://eslint.org/docs/rules/object-curly-spacing
tslint,TSLint.ESLint.StylisticIssues,one-var,one-var,3,one-var,http://eslint.org/docs/rules/one-var
tslint,TSLint.ESLint.StylisticIssues,one-var-declaration-per-line,one-var-declaration-per-line,3,one-var-declaration-per-line,http://eslint.org/docs/rules/one-var-declaration-per-line
tslint,TSLint.ESLint.StylisticIssues,operator-assignment,operator-assignment,3,operator-assignment,http://eslint.org/docs/rules/operator-assignment
tslint,TSLint.ESLint.StylisticIssues,operator-linebreak,operator-linebreak,3,operator-linebreak,http://eslint.org/docs/rules/operator-linebreak
tslint,TSLint.ESLint.StylisticIssues,padded-blocks,padded-blocks,3,padded-blocks,http://eslint.org/docs/rules/padded-blocks
tslint,TSLint.ESLint.StylisticIssues,quote-props,quote-props,3,quote-props,http://eslint.org/docs/rules/quote-props
tslint,TSLint.ESLint.StylisticIssues,quotes,quotes,3,quotes,http://eslint.org/docs/rules/quotes
tslint,TSLint.ESLint.StylisticIssues,require-jsdoc,require-jsdoc,3,require-jsdoc,http://eslint.org/docs/rules/require-jsdoc
tslint,TSLint.ESLint.StylisticIssues,semi,semi,3,semi,http://eslint.org/docs/rules/semi
tslint,TSLint.ESLint.StylisticIssues,semi-spacing,semi-spacing,3,semi-spacing,http://eslint.org/docs/rules/semi-spacing
tslint,TSLint.ESLint.StylisticIssues,sort-imports,sort-imports,3,sort-imports,http://eslint.org/docs/rules/sort-imports
tslint,TSLint.ESLint.StylisticIssues,sort-vars,sort-vars,3,sort-vars,http://eslint.org/docs/rules/sort-vars
tslint,TSLint.ESLint.StylisticIssues,space-before-blocks,space-before-blocks,3,space-before-blocks,http://eslint.org/docs/rules/space-before-blocks
tslint,TSLint.ESLint.StylisticIssues,space-before-function-paren,space-before-function-paren,3,space-before-function-paren,http://eslint.org/docs/rules/space-before-function-paren
tslint,TSLint.ESLint.StylisticIssues,space-in-parens,space-in-parens,3,space-in-parens,http://eslint.org/docs/rules/space-in-parens
tslint,TSLint.ESLint.StylisticIssues,space-infix-ops,space-infix-ops,3,space-infix-ops,http://eslint.org/docs/rules/space-infix-ops
tslint,TSLint.ESLint.StylisticIssues,space-unary-ops,space-unary-ops,3,space-unary-ops,http://eslint.org/docs/rules/space-unary-ops
tslint,TSLint.ESLint.StylisticIssues,spaced-comment,spaced-comment,3,spaced-comment,http://eslint.org/docs/rules/spaced-comment
tslint,TSLint.ESLint.StylisticIssues,wrap-regex,wrap-regex,3,wrap-regex,http://eslint.org/docs/rules/wrap-regex
tslint,TSLint.ESLint.ECMAScript6,arrow-body-style,arrow-body-style,3,arrow-body-style,http://eslint.org/docs/rules/arrow-body-style
tslint,TSLint.ESLint.ECMAScript6,arrow-parens,arrow-parens,3,arrow-parens,http://eslint.org/docs/rules/arrow-parens
tslint,TSLint.ESLint.ECMAScript6,arrow-spacing,arrow-spacing,3,arrow-spacing,http://eslint.org/docs/rules/arrow-spacing
tslint,TSLint.ESLint.ECMAScript6,constructor-super,constructor-super,3,constructor-super,http://eslint.org/docs/rules/constructor-super
tslint,TSLint.ESLint.ECMAScript6,generator-star-spacing,generator-star-spacing,3,generator-star-spacing,http://eslint.org/docs/rules/generator-star-spacing
tslint,TSLint.ESLint.ECMAScript6,no-class-assign,no-class-assign,3,no-class-assign,http://eslint.org/docs/rules/no-class-assign
tslint,TSLint.ESLint.ECMAScript6,no-confusing-arrow,no-confusing-arrow,3,no-confusing-arrow,http://eslint.org/docs/rules/no-confusing-arrow
tslint,TSLint.ESLint.ECMAScript6,no-const-assign,no-const-assign,3,no-const-assign,http://eslint.org/docs/rules/no-const-assign
tslint,TSLint.ESLint.ECMAScript6,no-dupe-class-members,no-dupe-class-members,3,no-dupe-class-members,http://eslint.org/docs/rules/no-dupe-class-members
tslint,TSLint.ESLint.ECMAScript6,no-new-symbol,no-new-symbol,3,no-new-symbol,http://eslint.org/docs/rules/no-new-symbol
tslint,TSLint.ESLint.ECMAScript6,no-this-before-super,no-this-before-super,3,no-this-before-super,http://eslint.org/docs/rules/no-this-before-super
tslint,TSLint.ESLint.ECMAScript6,no-useless-constructor,no-useless-constructor,3,no-useless-constructor,http://eslint.org/docs/rules/no-useless-constructor
tslint,TSLint.ESLint.ECMAScript6,no-var,no-var,3,no-var,http://eslint.org/docs/rules/no-var
tslint,TSLint.ESLint.ECMAScript6,object-shorthand,object-shorthand,3,object-shorthand,http://eslint.org/docs/rules/object-shorthand
tslint,TSLint.ESLint.ECMAScript6,prefer-arrow-callback,prefer-arrow-callback,3,prefer-arrow-callback,http://eslint.org/docs/rules/prefer-arrow-callback
tslint,TSLint.ESLint.ECMAScript6,prefer-const,prefer-const,3,prefer-const,http://eslint.org/docs/rules/prefer-const
tslint,TSLint.ESLint.ECMAScript6,prefer-reflect,prefer-reflect,3,prefer-reflect,http://eslint.org/docs/rules/prefer-reflect
tslint,TSLint.ESLint.ECMAScript6,prefer-rest-params,prefer-rest-params,3,prefer-rest-params,http://eslint.org/docs/rules/prefer-rest-params
tslint,TSLint.ESLint.ECMAScript6,prefer-spread,prefer-spread,3,prefer-spread,http://eslint.org/docs/rules/prefer-spread
tslint,TSLint.ESLint.ECMAScript6,prefer-template,prefer-template,3,prefer-template,http://eslint.org/docs/rules/prefer-template
tslint,TSLint.ESLint.ECMAScript6,require-yield,require-yield,3,require-yield,http://eslint.org/docs/rules/require-yield
tslint,TSLint.ESLint.ECMAScript6,template-curly-spacing,template-curly-spacing,3,template-curly-spacing,http://eslint.org/docs/rules/template-curly-spacing
tslint,TSLint.ESLint.ECMAScript6,yield-star-spacing,yield-star-spacing,3,yield-star-spacing,http://eslint.org/docs/rules/yield-star-spacing
